{
  "courses": [
    {
      "id": "c1",
      "title": "Intro to Number Theory",
      "subtitle": "Prime numbers, divisibility, congruence \u2014 beginner friendly",
      "description": "A compact introduction to number theory with examples and exercises.",
      "price": 0,
      "lessons": [
        {
          "title": "Prime numbers",
          "duration": "15m"
        },
        {
          "title": "Divisibility and GCD",
          "duration": "20m"
        },
        {
          "title": "Congruences",
          "duration": "25m"
        }
      ]
    },
    {
      "id": "c2",
      "title": "Basic Geometry",
      "subtitle": "Angles, shapes, constructions",
      "description": "Hands-on geometry: constructions, angle relationships, proofs.",
      "price": 0,
      "lessons": [
        {
          "title": "Angles",
          "duration": "18m"
        },
        {
          "title": "Triangles",
          "duration": "22m"
        }
      ]
    }
  ]
}